Robot,Trajectory,X,Y,Game,Timestep,Velocity,Congestion
F01,1,0.12078,0.749139,0,20.625,0.1600008991974744,1
F02,1,0.695526,0.789122,0,16.8125,7.155417528205085e-05,1
F10,1,0.938607,0.609601,0,5.15625,0.1600078654066755,1
F11,1,0.674277,0.755121,0,3.4375,0.1599922078102544,1
F13,1,-0.820094,0.558892,0,12.03125,0.15999650876190813,1
F21,1,-0.622007,0.758509,0,15.71875,0.15997878259319145,1
F22,1,-0.592236,0.795777,0,8.8125,0.16001127000308507,1
F23,1,-0.712407,0.637806,0,10.71875,0.16002375823608295,1
